product_id,product_name,category,price
PROD1000,Next Five,Books,1935.25
PROD1001,Management Attention,Electronics,4758.5
PROD1002,Control Conference,Electronics,3686.77
PROD1003,Occur Guess,Books,3033.43
PROD1004,Six Head,Home,864.49
PROD1005,Recognize Car,Clothing,864.37
PROD1006,Media Daughter,Clothing,384.61
PROD1007,Rest Difference,Clothing,4344.26
PROD1008,Yard Couple,Books,3045.46
PROD1009,Industry Avoid,Electronics,3569.56
PROD1010,Amount Mr,Books,200.86
PROD1011,Simply Clear,Books,4852.56
PROD1012,Federal Address,Sports,4178.97
PROD1013,Southern Figure,Electronics,1140.46
PROD1014,Table Expect,Sports,990.94
PROD1015,Focus Matter,Beauty,998.68
PROD1016,Back However,Electronics,1590.79
PROD1017,Author Stop,Electronics,2671.31
PROD1018,Window Part,Electronics,2216.53
PROD1019,Tv Modern,Clothing,1527.02
PROD1020,On Computer,Clothing,3098.08
PROD1021,Member Particular,Sports,783.52
PROD1022,Deep Need,Sports,1531.51
PROD1023,Above Person,Electronics,1895.17
PROD1024,Too Debate,Sports,2334.74
PROD1025,Maintain Television,Clothing,3947.36
PROD1026,Phone Economic,Books,1078.4
PROD1027,Beyond Ability,Books,2619.75
PROD1028,Military Class,Books,3002.83
PROD1029,Century Say,Sports,327.61
PROD1030,Thank Quality,Beauty,3076.97
PROD1031,May Crime,Clothing,935.57
PROD1032,Find Yet,Beauty,418.75
PROD1033,According Young,Sports,4749.54
PROD1034,Election Find,Home,4831.6
PROD1035,Cost Threat,Electronics,4061.15
PROD1036,Sometimes May,Clothing,1592.61
PROD1037,Same Reflect,Books,578.59
PROD1038,Congress Concern,Beauty,3452.74
PROD1039,Her More,Home,2256.75
PROD1040,High Arm,Home,697.99
PROD1041,Reflect Southern,Clothing,2526.37
PROD1042,Analysis Feeling,Clothing,268.5
PROD1043,Consider Check,Home,4555.67
PROD1044,Agreement Really,Electronics,1368.02
PROD1045,Economy Sound,Electronics,3346.36
PROD1046,Television Rule,Beauty,1627.38
PROD1047,Wall Including,Electronics,2648.33
PROD1048,Sense Senior,Home,2778.88
PROD1049,Deal Produce,Home,1005.79
PROD1050,Wide Particular,Sports,4850.96
PROD1051,Physical Sometimes,Home,3898.15
PROD1052,Write Question,Electronics,4703.54
PROD1053,Day Word,Books,4484.65
PROD1054,Cultural Former,Beauty,3029.71
PROD1055,Interesting Course,Sports,4617.18
PROD1056,Force Room,Electronics,533.61
PROD1057,Single Exactly,Beauty,1060.32
PROD1058,Majority Task,Electronics,321.61
PROD1059,Western Them,Sports,1694.12
PROD1060,Guy Like,Home,2004.52
PROD1061,Attorney Hot,Books,1429.61
PROD1062,Way First,Sports,4160.81
PROD1063,Expert Point,Home,1848.09
PROD1064,Win Learn,Sports,1476.58
PROD1065,Prevent This,Clothing,2759.21
PROD1066,General Certain,Books,790.53
PROD1067,Today Treat,Electronics,4030.77
PROD1068,Strategy Lose,Electronics,465.3
PROD1069,Notice Deep,Books,4935.75
PROD1070,Summer Network,Clothing,3884.0
PROD1071,Heavy Each,Home,1073.71
PROD1072,Decision Child,Electronics,127.06
PROD1073,Off Draw,Clothing,4095.76
PROD1074,Job Student,Electronics,3563.6
PROD1075,Wonder Behavior,Beauty,3672.14
PROD1076,Security Chance,Home,3879.22
PROD1077,Dinner Save,Beauty,462.82
PROD1078,Tough My,Books,1856.48
PROD1079,Father Address,Home,667.76
PROD1080,Next Half,Clothing,4329.21
PROD1081,Everybody Impact,Home,3154.16
PROD1082,Affect Ok,Home,1721.4
PROD1083,Necessary Staff,Clothing,411.44
PROD1084,Under Strong,Books,1623.81
PROD1085,Matter Expert,Home,1693.4
PROD1086,Only Live,Books,3675.07
PROD1087,Huge Best,Books,3224.03
PROD1088,Me Current,Books,4447.34
PROD1089,Budget Member,Electronics,2413.85
PROD1090,Job Before,Sports,686.01
PROD1091,We Walk,Books,3594.9
PROD1092,Sea Key,Clothing,3827.85
PROD1093,Me Billion,Sports,2850.26
PROD1094,Politics Seem,Books,3877.74
PROD1095,For Treat,Clothing,2519.6
PROD1096,Attorney Seem,Clothing,2661.39
PROD1097,Share Change,Beauty,2194.95
PROD1098,Employee Speak,Beauty,224.55
PROD1099,Southern Education,Home,628.67
PROD1100,Daughter Voice,Books,254.0
PROD1101,Member Gas,Books,3218.41
PROD1102,Occur Whom,Sports,1640.34
PROD1103,Result Face,Clothing,2592.0
PROD1104,Popular Bad,Books,4547.08
PROD1105,None Yes,Home,1321.53
PROD1106,Safe Building,Electronics,2110.88
PROD1107,Evening Operation,Clothing,3802.2
PROD1108,Meet Energy,Electronics,1221.11
PROD1109,Mention Live,Home,477.2
PROD1110,Fund Instead,Beauty,1519.78
PROD1111,Ready Find,Home,889.98
PROD1112,Including Keep,Electronics,4655.52
PROD1113,Billion Forget,Clothing,4059.79
PROD1114,Back Candidate,Sports,3203.68
PROD1115,Tonight Maintain,Books,4370.16
PROD1116,Dog Bill,Home,4037.99
PROD1117,Suggest A,Clothing,1014.19
PROD1118,Task Usually,Books,4473.54
PROD1119,Letter Pattern,Beauty,2742.78
PROD1120,Bill Type,Beauty,4056.46
PROD1121,Realize Try,Books,4490.85
PROD1122,Control Community,Beauty,1658.22
PROD1123,Single That,Clothing,639.25
PROD1124,Just Remain,Home,1216.88
PROD1125,Road Attorney,Clothing,2192.83
PROD1126,Outside Technology,Clothing,4108.27
PROD1127,Entire Understand,Books,4317.58
PROD1128,Sister Since,Sports,134.07
PROD1129,Recognize Name,Sports,2602.66
PROD1130,Activity Want,Home,2145.31
PROD1131,Economy Fine,Books,1188.33
PROD1132,Above Along,Sports,687.34
PROD1133,Area Box,Beauty,1754.31
PROD1134,Simple Party,Sports,4720.26
PROD1135,Operation Condition,Beauty,1683.69
PROD1136,Public Sign,Home,2642.07
PROD1137,Full Financial,Clothing,3544.79
PROD1138,Watch Development,Clothing,1881.79
PROD1139,Better Place,Sports,4861.73
PROD1140,Court Amount,Beauty,4815.99
PROD1141,Food Gas,Electronics,1333.73
PROD1142,Student Kid,Electronics,2536.52
PROD1143,Actually Adult,Electronics,1574.3
PROD1144,Less People,Clothing,1495.72
PROD1145,Discussion Shake,Books,280.75
PROD1146,Common Necessary,Clothing,3086.87
PROD1147,Radio Then,Books,2563.13
PROD1148,Reflect Mission,Beauty,352.25
PROD1149,Hair Poor,Sports,1465.37
PROD1150,North Once,Electronics,4550.5
PROD1151,Explain Whose,Beauty,1273.85
PROD1152,Pretty Like,Beauty,809.98
PROD1153,Strategy Career,Sports,2498.32
PROD1154,School Republican,Beauty,4929.69
PROD1155,Behind Possible,Sports,1286.07
PROD1156,Small Be,Home,3393.46
PROD1157,Side Standard,Sports,3831.94
PROD1158,Better Could,Electronics,1264.42
PROD1159,Wait Language,Books,3668.26
PROD1160,Fly Gun,Books,1902.14
PROD1161,Certainly From,Electronics,3198.3
PROD1162,Out Exist,Books,3204.3
PROD1163,Like Case,Sports,2725.3
PROD1164,Tree Full,Home,542.42
PROD1165,Participant Put,Books,4192.98
PROD1166,Central Interview,Home,1671.82
PROD1167,Between School,Electronics,1013.94
PROD1168,Line Stuff,Home,299.8
PROD1169,On Report,Beauty,2995.38
PROD1170,Ball Night,Clothing,3420.07
PROD1171,Find Check,Beauty,181.28
PROD1172,Plant Simply,Electronics,2609.26
PROD1173,Spend Hear,Books,1209.83
PROD1174,Help Down,Books,3261.35
PROD1175,Scene Month,Home,954.4
PROD1176,Across Fear,Sports,3485.59
PROD1177,Employee Shake,Clothing,1995.0
PROD1178,Himself Money,Sports,4689.98
PROD1179,Suggest Moment,Electronics,773.85
PROD1180,Blood Each,Books,1771.23
PROD1181,Sense Opportunity,Home,656.02
PROD1182,Everybody Board,Books,4631.0
PROD1183,Even Reveal,Sports,4398.96
PROD1184,Down Member,Sports,1363.91
PROD1185,Society Explain,Clothing,3333.92
PROD1186,Social Example,Clothing,4104.39
PROD1187,Exist Resource,Home,2820.48
PROD1188,Heart Size,Clothing,2695.29
PROD1189,Light Week,Sports,1285.08
PROD1190,State Wall,Sports,556.2
PROD1191,It That,Electronics,4496.36
PROD1192,Their Character,Sports,4512.05
PROD1193,Wife Often,Home,3202.2
PROD1194,Tree Very,Beauty,1761.25
PROD1195,Light Nothing,Electronics,1811.13
PROD1196,Available Then,Electronics,3657.18
PROD1197,Firm Although,Home,4495.84
PROD1198,Visit Wear,Home,4446.72
PROD1199,Lead Strategy,Clothing,3921.39
PROD1200,Run Rate,Electronics,3245.96
PROD1201,Until Hundred,Clothing,512.29
PROD1202,Glass Develop,Sports,891.98
PROD1203,Nation Listen,Electronics,4502.92
PROD1204,Clearly Son,Electronics,3071.5
PROD1205,Possible Bring,Books,145.07
PROD1206,Woman Him,Beauty,597.21
PROD1207,Kind Compare,Electronics,3351.16
PROD1208,Nor Late,Sports,124.8
PROD1209,Arm Occur,Clothing,887.96
PROD1210,See Movie,Clothing,2788.8
PROD1211,End Each,Books,3490.29
PROD1212,Scientist Almost,Beauty,3294.61
PROD1213,Field Yourself,Sports,1198.92
PROD1214,Increase Public,Clothing,3589.68
PROD1215,Foot Plant,Home,1262.52
PROD1216,Painting Financial,Sports,1694.46
PROD1217,Such Provide,Sports,3757.81
PROD1218,Cup Structure,Beauty,3283.2
PROD1219,Administration Owner,Clothing,4261.19
PROD1220,Media Film,Sports,3322.3
PROD1221,Government Small,Books,2884.71
PROD1222,Item Kitchen,Books,559.01
PROD1223,Happy Past,Clothing,1901.81
PROD1224,Tree Generation,Books,1399.49
PROD1225,Simply Good,Home,1295.55
PROD1226,Others Center,Beauty,4867.75
PROD1227,Less Stand,Books,2026.18
PROD1228,Cause Enjoy,Books,4471.03
PROD1229,Citizen Service,Home,3192.58
PROD1230,Nearly Happy,Beauty,3994.58
PROD1231,Voice Go,Sports,2562.92
PROD1232,Assume Team,Beauty,2926.83
PROD1233,Unit Nice,Electronics,2513.34
PROD1234,Toward Safe,Clothing,1056.69
PROD1235,Spring Build,Clothing,3640.02
PROD1236,Indeed Green,Electronics,1475.78
PROD1237,Day State,Home,219.15
PROD1238,Candidate Region,Electronics,3262.81
PROD1239,Answer People,Sports,967.84
PROD1240,Follow Reflect,Sports,4708.25
PROD1241,Per Answer,Clothing,4774.25
PROD1242,Republican Of,Sports,4582.84
PROD1243,Evidence Both,Clothing,1913.78
PROD1244,Military Place,Electronics,175.74
PROD1245,Child Dream,Electronics,4648.76
PROD1246,Matter By,Books,2198.1
PROD1247,Lead Lose,Books,4836.61
PROD1248,Stand Stage,Electronics,4821.74
PROD1249,Country Receive,Clothing,4279.75
PROD1250,Body Fight,Electronics,1542.8
PROD1251,Various Series,Electronics,1986.98
PROD1252,Movie Present,Home,4270.57
PROD1253,Relationship Close,Electronics,1652.92
PROD1254,Break Produce,Sports,930.51
PROD1255,Process Late,Clothing,2828.33
PROD1256,Of Level,Home,4687.16
PROD1257,Girl Behavior,Books,3510.55
PROD1258,Market Perform,Beauty,2893.3
PROD1259,Couple Statement,Clothing,576.16
PROD1260,Fine Education,Sports,3113.54
PROD1261,Person Language,Clothing,4951.26
PROD1262,Easy Clearly,Books,786.41
PROD1263,Model Fill,Sports,2639.82
PROD1264,Discussion Make,Sports,4399.13
PROD1265,Week Quite,Beauty,3729.77
PROD1266,Positive Certain,Clothing,3515.38
PROD1267,Near Pick,Beauty,3542.17
PROD1268,Different Standard,Beauty,1861.51
PROD1269,Build Drive,Clothing,1538.6
PROD1270,Yeah Material,Electronics,4065.87
PROD1271,Perhaps Rock,Electronics,4069.56
PROD1272,Blue Will,Books,4348.65
PROD1273,Fine Like,Beauty,4574.88
PROD1274,Information Sometimes,Home,2605.58
PROD1275,Anyone Allow,Beauty,2557.43
PROD1276,Place Look,Beauty,4011.65
PROD1277,Line Reality,Beauty,3284.82
PROD1278,Any Both,Books,3539.64
PROD1279,Organization Reason,Electronics,3999.38
PROD1280,Order Community,Books,4461.03
PROD1281,Phone Film,Books,1756.18
PROD1282,Free So,Books,1940.36
PROD1283,Design Carry,Electronics,560.51
PROD1284,Both Federal,Electronics,2933.57
PROD1285,One Happen,Beauty,276.12
PROD1286,Gas Drop,Books,2381.43
PROD1287,Develop Often,Home,2758.96
PROD1288,Fear Vote,Electronics,1504.05
PROD1289,Kitchen Official,Clothing,2995.08
PROD1290,Radio Sometimes,Clothing,249.45
PROD1291,That Clearly,Clothing,283.01
PROD1292,Believe Within,Sports,4130.74
PROD1293,Include Top,Beauty,1864.93
PROD1294,Speak Can,Clothing,722.6
PROD1295,Set Word,Beauty,2658.99
PROD1296,Term Ability,Clothing,3872.97
PROD1297,Event Above,Home,1157.52
PROD1298,Fall Fight,Beauty,3152.16
PROD1299,Or Matter,Clothing,518.2
PROD1300,Agent Mouth,Electronics,353.24
PROD1301,Group That,Beauty,2703.64
PROD1302,Happy Technology,Sports,2749.11
PROD1303,Present Cause,Electronics,3223.41
PROD1304,South Mission,Electronics,3657.85
PROD1305,Seem Realize,Books,4881.68
PROD1306,Debate Trade,Sports,2629.87
PROD1307,Technology Smile,Electronics,1682.49
PROD1308,Stay Edge,Electronics,3996.41
PROD1309,Machine Out,Clothing,1427.08
PROD1310,Total Let,Clothing,2250.96
PROD1311,Particularly Central,Beauty,484.44
PROD1312,Mother Training,Beauty,224.22
PROD1313,Way Dog,Beauty,4816.98
PROD1314,Hope Open,Clothing,4196.3
PROD1315,Realize Interest,Beauty,3510.27
PROD1316,Travel Four,Electronics,2103.87
PROD1317,Rich Particular,Clothing,949.14
PROD1318,Low Sea,Beauty,866.54
PROD1319,Tax Population,Electronics,1326.19
PROD1320,Development Article,Beauty,2791.21
PROD1321,Main Shoulder,Home,3601.52
PROD1322,Population City,Beauty,3334.97
PROD1323,Laugh Fish,Home,1471.68
PROD1324,First Nice,Beauty,4778.84
PROD1325,Four Usually,Books,3715.69
PROD1326,Onto Say,Books,2816.33
PROD1327,Leader Company,Sports,3097.43
PROD1328,Baby Smile,Books,2156.04
PROD1329,Mission Reduce,Books,1313.88
PROD1330,Wrong Apply,Beauty,1844.27
PROD1331,Box Toward,Clothing,3813.45
PROD1332,Administration Consider,Clothing,170.53
PROD1333,Through Sport,Home,668.76
PROD1334,Daughter Family,Clothing,325.41
PROD1335,Card Hair,Electronics,299.57
PROD1336,Bit None,Sports,4291.76
PROD1337,Perform Through,Books,3547.92
PROD1338,Including Grow,Sports,2423.45
PROD1339,Record Author,Electronics,579.39
PROD1340,Piece Since,Books,2508.92
PROD1341,Stand Effort,Home,2420.01
PROD1342,Cover Home,Electronics,948.69
PROD1343,Either Water,Electronics,2225.87
PROD1344,Instead Return,Sports,2052.67
PROD1345,Middle May,Beauty,3117.67
PROD1346,Heavy Listen,Sports,3211.96
PROD1347,Home North,Sports,321.99
PROD1348,Way Figure,Clothing,1935.6
PROD1349,Late Situation,Electronics,3166.71
PROD1350,Show Staff,Sports,2565.37
PROD1351,Line Whom,Electronics,4296.8
PROD1352,Man Community,Clothing,3327.6
PROD1353,Recent Growth,Electronics,898.38
PROD1354,Hundred Number,Sports,445.79
PROD1355,Also Theory,Electronics,3247.85
PROD1356,Fast Participant,Books,229.91
PROD1357,Training Explain,Clothing,2970.3
PROD1358,While Push,Beauty,4707.13
PROD1359,Production Maintain,Electronics,2919.82
PROD1360,Pressure Involve,Sports,2002.03
PROD1361,Upon Like,Clothing,3252.11
PROD1362,Tell Rock,Sports,2345.44
PROD1363,Senior Behavior,Sports,2773.52
PROD1364,Well Involve,Electronics,4713.18
PROD1365,Walk Want,Sports,1991.9
PROD1366,Note Past,Electronics,4809.83
PROD1367,Western Several,Beauty,4536.22
PROD1368,If Mother,Books,1059.38
PROD1369,Form Page,Sports,439.87
PROD1370,Institution Sport,Sports,593.81
PROD1371,Pm Send,Sports,189.29
PROD1372,Mean Piece,Home,562.77
PROD1373,Interesting This,Home,3446.73
PROD1374,Movement Side,Clothing,448.82
PROD1375,Population Huge,Books,1662.98
PROD1376,West Green,Books,4239.89
PROD1377,Mention Job,Home,214.03
PROD1378,Term During,Clothing,4090.9
PROD1379,Official Once,Home,1481.09
PROD1380,Chair Report,Beauty,679.01
PROD1381,Risk Pick,Clothing,3514.01
PROD1382,Coach Beat,Books,3181.82
PROD1383,Drop Right,Books,4399.61
PROD1384,Billion Beautiful,Home,3701.85
PROD1385,Hard Station,Beauty,4037.06
PROD1386,Mrs Case,Home,1481.97
PROD1387,Newspaper Too,Electronics,969.45
PROD1388,Second Mean,Electronics,3778.01
PROD1389,Fact Seem,Beauty,4053.49
PROD1390,Campaign Not,Sports,4953.48
PROD1391,Value Outside,Sports,2121.83
PROD1392,Forget Car,Electronics,1922.89
PROD1393,Song Sea,Electronics,3904.42
PROD1394,Himself Win,Sports,1769.94
PROD1395,Itself Task,Clothing,4660.71
PROD1396,North As,Sports,4306.22
PROD1397,Choice By,Home,2202.07
PROD1398,Hour Responsibility,Clothing,3779.27
PROD1399,Other Feel,Home,3797.26
PROD1400,Anyone Sure,Electronics,605.31
PROD1401,Wrong Across,Clothing,4522.51
PROD1402,Own Continue,Home,2575.74
PROD1403,Thus List,Home,4149.64
PROD1404,Price Reason,Clothing,1668.24
PROD1405,Others Until,Beauty,4488.06
PROD1406,Music This,Sports,2007.09
PROD1407,Sense Skill,Books,153.1
PROD1408,Eat Idea,Home,4536.37
PROD1409,After Food,Sports,547.3
PROD1410,Speech Which,Books,1664.64
PROD1411,Serious Call,Sports,4755.3
PROD1412,Sport Fast,Electronics,4757.98
PROD1413,Night Music,Books,2909.85
PROD1414,Ok Thank,Sports,3196.0
PROD1415,If Society,Home,2297.38
PROD1416,Always Civil,Books,1536.73
PROD1417,Program Bank,Electronics,1710.46
PROD1418,North Since,Clothing,3395.34
PROD1419,Deal Kitchen,Home,3786.64
PROD1420,State Possible,Electronics,3978.74
PROD1421,Voice Case,Electronics,3969.13
PROD1422,Play Who,Books,546.91
PROD1423,Lay Guy,Sports,2522.66
PROD1424,Wall And,Clothing,382.04
PROD1425,City Born,Home,2792.69
PROD1426,Stage Plant,Home,2263.5
PROD1427,Follow Hospital,Sports,4449.75
PROD1428,Yet Authority,Clothing,1819.48
PROD1429,Medical Mission,Books,673.63
PROD1430,Avoid Court,Home,800.66
PROD1431,I Under,Clothing,3831.4
PROD1432,Read Audience,Books,3129.27
PROD1433,Laugh Eat,Books,595.5
PROD1434,Side While,Home,512.12
PROD1435,President Mr,Sports,3534.75
PROD1436,Environmental Budget,Beauty,456.54
PROD1437,Head Five,Home,4127.11
PROD1438,Page Present,Electronics,3560.59
PROD1439,War Middle,Electronics,498.61
PROD1440,Ability Old,Books,515.7
PROD1441,Ability Wide,Beauty,4934.53
PROD1442,Easy Government,Home,1933.93
PROD1443,Outside Under,Electronics,1916.15
PROD1444,Challenge College,Electronics,4082.72
PROD1445,Challenge Somebody,Home,4741.52
PROD1446,Among Cold,Clothing,4931.41
PROD1447,Thing Live,Books,3791.55
PROD1448,Daughter Mission,Home,1943.67
PROD1449,Conference Only,Clothing,509.15
PROD1450,Away Peace,Books,3908.02
PROD1451,Investment Congress,Beauty,2836.18
PROD1452,Value Whether,Sports,2178.69
PROD1453,Occur Official,Books,4541.14
PROD1454,Brother Send,Beauty,644.87
PROD1455,Reach Weight,Sports,2513.86
PROD1456,Who Social,Electronics,155.63
PROD1457,Exist Almost,Electronics,2396.44
PROD1458,Morning We,Electronics,375.89
PROD1459,Hundred Certain,Books,682.21
PROD1460,Site Through,Clothing,675.88
PROD1461,Tv Other,Sports,3281.13
PROD1462,From Himself,Electronics,3755.62
PROD1463,Shake Actually,Home,2958.51
PROD1464,Grow Foot,Sports,4814.65
PROD1465,Wife Professional,Sports,1936.87
PROD1466,Trade Get,Clothing,1499.99
PROD1467,Growth Close,Beauty,4356.14
PROD1468,Name New,Clothing,1195.62
PROD1469,Start Assume,Electronics,4819.79
PROD1470,Event Box,Home,159.56
PROD1471,Wrong Station,Home,4852.41
PROD1472,Management Already,Electronics,311.48
PROD1473,Maintain Tell,Home,4466.6
PROD1474,Ago Deal,Clothing,2685.74
PROD1475,Unit Drive,Books,4965.53
PROD1476,Skin Certainly,Clothing,461.6
PROD1477,Affect Night,Books,2813.89
PROD1478,Herself Sign,Electronics,4849.58
PROD1479,Compare Morning,Home,2663.18
PROD1480,Whose Professor,Sports,3184.05
PROD1481,Really Experience,Beauty,3509.17
PROD1482,Live Charge,Sports,2327.25
PROD1483,Dog Ok,Books,3175.03
PROD1484,Similar Change,Clothing,2963.14
PROD1485,Affect Month,Clothing,4515.67
PROD1486,Course Mrs,Clothing,322.69
PROD1487,May Establish,Clothing,1476.72
PROD1488,Building Peace,Beauty,4757.02
PROD1489,Republican My,Electronics,4462.29
PROD1490,Poor Experience,Clothing,2332.72
PROD1491,Light Foreign,Books,3138.65
PROD1492,Central Power,Home,1459.17
PROD1493,Grow You,Beauty,1021.79
PROD1494,Interview Throw,Books,2372.12
PROD1495,Discussion Certain,Books,1831.43
PROD1496,Cause Quite,Clothing,2959.91
PROD1497,Think Social,Home,480.9
PROD1498,Left Father,Clothing,4874.53
PROD1499,Language Book,Books,4932.43
